,cls 0,cls 1,cls 2,cls 3,cls 4,mean,model,type,n_DB
shhs2-202592,0.914049566,0,0,0.619642854,0,0.306738484,TinyUStaging,EEG+EOG,6
shhs1-203706,0.983498335,0.922666669,0.796116531,0.909667194,0.895140648,0.901417875,TinyUStaging,EEG+EOG,6
shhs1-200601,0.93113482,0.746411502,0.200000003,0.887878776,0.897196233,0.732524267,TinyUStaging,EEG+EOG,6
shhs1-202707,0.933125973,0.89679718,0.507692337,0.932996213,0.903553307,0.834833002,TinyUStaging,EEG+EOG,6
shhs1-200196,0.922535241,0.92413795,0.666666687,0.864678919,0.84799999,0.845203757,TinyUStaging,EEG+EOG,6
shhs2-201482,0.953714967,0,0.5,0.906048894,0,0.471952772,TinyUStaging,EEG+EOG,6
shhs2-201134,0.993975878,0.973214269,0.521739125,0.9118644,0.811320782,0.842422891,TinyUStaging,EEG+EOG,6
shhs1-204704,0.906976759,0.937901497,0.238095239,0.92957747,0.555555582,0.713621309,TinyUStaging,EEG+EOG,6
shhs1-203666,0.945794404,0.769230783,0.409090906,0.888446212,0.662162185,0.734944898,TinyUStaging,EEG+EOG,6
shhs1-204609,0.935483873,0.934782624,0,0.665537655,0,0.50716083,TinyUStaging,EEG+EOG,6
shhs1-202986,0.956369996,0.938875318,0.471698105,0.814814806,0.706976771,0.777746999,TinyUStaging,EEG+EOG,6
shhs1-204812,0.980615735,0.817460299,0.45161289,0.871181965,0.680412352,0.760256648,TinyUStaging,EEG+EOG,6
shhs1-203416,0.98031497,0.872340441,0.454545468,0.860215068,0.849056602,0.80329451,TinyUStaging,EEG+EOG,6
shhs1-200912,0.938511312,0.963157892,0.733333349,0.944920421,0.873239458,0.890632486,TinyUStaging,EEG+EOG,6
shhs2-205553,0.953955114,0.912181318,0.333333343,0.939303458,0.81300813,0.790356272,TinyUStaging,EEG+EOG,6
shhs1-205046,0.934624672,0.955223858,0.67567569,0.694323123,0.798598945,0.811689258,TinyUStaging,EEG+EOG,6
shhs1-204575,0.975177288,0.948509514,0.64864862,0.930288434,0.894915283,0.879507828,TinyUStaging,EEG+EOG,6
shhs1-205002,0.874493957,0.85768503,0.205882356,0.813714266,0.827763498,0.715907821,TinyUStaging,EEG+EOG,6
shhs1-201338,0.87969923,0.884910464,0.520547926,0.869340241,0.806779683,0.792255509,TinyUStaging,EEG+EOG,6
shhs1-205229,0.957328379,0.930069923,0.25,0.882051289,0.891258001,0.782141519,TinyUStaging,EEG+EOG,6
shhs2-204117,0.965269446,0.874251485,0.53191489,0.916326523,0.726114631,0.802775395,TinyUStaging,EEG+EOG,6
shhs1-204370,0.962686539,0.943283558,0.602150559,0.935822666,0,0.688788664,TinyUStaging,EEG+EOG,6
shhs1-204571,0.664900661,0.633204639,0.132596686,0.711562872,0.535714269,0.535595825,TinyUStaging,EEG+EOG,6
shhs2-203047,0.949740052,0.88319087,0.432835817,0.848585665,0.117647059,0.646399893,TinyUStaging,EEG+EOG,6
shhs1-201443,0.956772327,0.913043499,0,0.831024945,0.375,0.615168154,TinyUStaging,EEG+EOG,6
shhs1-201728,0.935201406,0.725490212,0.444444448,0.832565308,0.880733967,0.763687068,TinyUStaging,EEG+EOG,6
shhs1-200668,0.627575278,0,0,0.800868928,,0.357111052,TinyUStaging,EEG+EOG,6
shhs1-203141,0.946727574,0.933962286,0.526315808,0.920415223,0.957983196,0.857080817,TinyUStaging,EEG+EOG,6
shhs1-203067,0.944858432,0.947368443,0.421052635,0.859791398,0.396551728,0.713924527,TinyUStaging,EEG+EOG,6
shhs1-200684,0.978003383,0.964577675,0.611111104,0.93154037,0.865030646,0.870052636,TinyUStaging,EEG+EOG,6
shhs1-200135,0.973333359,0.907407403,0.333333343,0.832328081,0.56684494,0.722649425,TinyUStaging,EEG+EOG,6
shhs1-201534,0.858611822,0.860335171,0.238805965,0.879781425,0.783505142,0.724207905,TinyUStaging,EEG+EOG,6
shhs1-200514,0.948081255,0.947368443,0.655462205,0.902234614,0.862222195,0.863073742,TinyUStaging,EEG+EOG,6
shhs2-201606,0.848341227,0.822170913,0.104477614,0.758474588,0.697050929,0.646103054,TinyUStaging,EEG+EOG,6
shhs1-203997,0.923076928,0.936046541,0.560000002,0.940322578,0.753623188,0.822613847,TinyUStaging,EEG+EOG,6
shhs1-202253,0.730593622,0.695081949,0.078431375,0.776119411,0.666666687,0.589378609,TinyUStaging,EEG+EOG,6
shhs2-201265,0.941176474,0.778156996,0.293103456,0.839879155,0.888888896,0.748240995,TinyUStaging,EEG+EOG,6
shhs1-200639,0.886075974,0.910891116,0.349999994,0.914634168,0.794326246,0.771185499,TinyUStaging,EEG+EOG,6
shhs1-204949,0.97577852,0.913978517,0.518518507,0.858044147,0.849056602,0.823075259,TinyUStaging,EEG+EOG,6
shhs2-201338,0.966074288,0.893750012,0.495575219,0.883148849,0.819672108,0.811644095,TinyUStaging,EEG+EOG,6
shhs1-205094,0.87214613,0.912912905,0.266666681,0.884353757,0.474576265,0.682131147,TinyUStaging,EEG+EOG,6
shhs1-200342,0.939698517,0.865284979,0.551724136,0.871676326,0.876132905,0.820903373,TinyUStaging,EEG+EOG,6
shhs2-203017,0.96044302,0.946236551,0.35164836,0.891278386,0.363636374,0.702648538,TinyUStaging,EEG+EOG,6
shhs1-203047,0.94612354,0.812680125,0.1875,0.803461075,0.206896558,0.59133226,TinyUStaging,EEG+EOG,6
shhs2-205684,0.983884633,0.963917553,0.5,0.780730903,0.771241844,0.799954987,TinyUStaging,EEG+EOG,6
shhs2-203803,0.986132503,0.959731519,0.639999986,0.923512757,0.888888896,0.879653132,TinyUStaging,EEG+EOG,6
shhs1-200644,0.902777791,0.930860043,0.61016947,0.885069847,0.823863626,0.830548155,TinyUStaging,EEG+EOG,6
shhs1-204785,0.957528949,0.953678489,0.738461554,0.894308925,0.711764693,0.851148522,TinyUStaging,EEG+EOG,6
shhs1-202858,0.890728474,0.766467094,0.589595377,0.926877499,0.48888889,0.732511467,TinyUStaging,EEG+EOG,6
shhs2-205479,0.956841111,0.92125982,0.372093022,0.893882632,0.835294127,0.795874143,TinyUStaging,EEG+EOG,6
shhs1-201849,0.934272289,0.975609779,0.455445558,0.815584421,0.583333313,0.752849072,TinyUStaging,EEG+EOG,6
shhs1-203272,0.864661634,0.888888896,0.59375,0.870748281,0.364640892,0.716537941,TinyUStaging,EEG+EOG,6
shhs1-200287,0.851132691,0.894613564,0,0.779661,0.899022818,0.684886014,TinyUStaging,EEG+EOG,6
shhs1-202549,0.884488463,0.917159736,0.608695626,0.936601877,0.827956975,0.834980536,TinyUStaging,EEG+EOG,6
shhs2-203998,0.990990996,0.933035731,0.5,0.858257473,0.778666675,0.812190175,TinyUStaging,EEG+EOG,6
shhs1-201606,0.927152336,0.851485133,0.560747683,0.874045789,0.739884377,0.790663064,TinyUStaging,EEG+EOG,6
shhs1-203017,0.950520813,0.948275864,0.537931025,0.836004913,0.671232879,0.788793099,TinyUStaging,EEG+EOG,6
shhs1-203803,0.885185182,0.938053071,0.533333361,0.864864886,0.862745106,0.816836321,TinyUStaging,EEG+EOG,6
shhs1-201174,0.93732971,0.876237631,0.376811594,0.889696956,0.918489039,0.799712986,TinyUStaging,EEG+EOG,6
shhs1-204718,0.929319382,0.798941791,0.466666669,0.864306808,0.808080792,0.773463088,TinyUStaging,EEG+EOG,6
shhs2-205311,0.97735852,0.943005204,0.434782594,0.859060407,0.597402573,0.76232186,TinyUStaging,EEG+EOG,6
shhs1-204787,0.9375,0.902934551,0.363636374,0.885245919,0.882235527,0.794310474,TinyUStaging,EEG+EOG,6
shhs1-202766,0.972677588,0.9375,0.166666672,0.791390717,0.71009773,0.715666541,TinyUStaging,EEG+EOG,6
shhs1-205115,0.837696314,0.900302112,0.310344815,0.824444473,0.806539536,0.73586545,TinyUStaging,EEG+EOG,6
shhs1-203986,0.915032685,0.957446814,0.459016383,0.906832278,0.870270252,0.821719682,TinyUStaging,EEG+EOG,6
shhs2-200668,0.861959934,0.927536249,0.457831323,0.737945497,0.25555557,0.648165715,TinyUStaging,EEG+EOG,6
shhs2-205260,0.97719872,0.948529422,0.709677398,0.891304374,0.86153847,0.877649677,TinyUStaging,EEG+EOG,6
shhs2-205045,0.949999988,0.913649023,0.700854719,0.875949383,0.835748792,0.855240381,TinyUStaging,EEG+EOG,6
shhs2-203997,0.956403255,0.890140831,0.590909064,0.945736408,0.837209284,0.844079769,TinyUStaging,EEG+EOG,6
shhs1-203850,0.948545873,0.868131876,0.680000007,0.914893627,0.915942013,0.865502679,TinyUStaging,EEG+EOG,6
shhs1-205335,0.902173936,0.847457647,0.574850321,0.87308532,0.660869539,0.771687353,TinyUStaging,EEG+EOG,6
shhs1-204329,0.88657105,0.943820238,0.372881353,0.864583313,0.584070802,0.730385351,TinyUStaging,EEG+EOG,6
shhs1-201650,0.864321589,0.945121944,0.410958916,0.899909854,0.808080792,0.785678619,TinyUStaging,EEG+EOG,6
shhs1-201310,0.958677709,0.967164159,0.5,0.77360934,0.460992903,0.732088822,TinyUStaging,EEG+EOG,6
shhs2-205115,0.951219499,0.891304374,0.584905684,0.928294599,0.848837197,0.840912271,TinyUStaging,EEG+EOG,6
shhs1-202600,0.987704933,0.953929543,0.5,0.876106203,0.926004231,0.848748982,TinyUStaging,EEG+EOG,6
shhs1-202219,0.823529422,0.860655725,0.053333335,0.670103073,0.496350378,0.580794387,TinyUStaging,EEG+EOG,6
shhs1-201667,0.902463078,0.862745106,0.181818187,0.733333349,0.58227849,0.652527642,TinyUStaging,EEG+EOG,6
shhs1-205132,0.983766258,0.980821908,0.805555582,0.767550707,0.535211265,0.814581144,TinyUStaging,EEG+EOG,6
shhs1-201915,0.900662243,0.903654456,0.543209851,0.812967598,0.796296299,0.791358089,TinyUStaging,EEG+EOG,6
shhs2-204949,0.988207519,0.924324334,0.479999989,0.861714303,0.804020107,0.81165325,TinyUStaging,EEG+EOG,6
shhs1-201265,0.880398691,0.827067673,0.429906547,0.89479059,0.847926259,0.776017952,TinyUStaging,EEG+EOG,6
shhs2-204065,0.93617022,0.875576019,0.45161289,0.893121719,0.678899109,0.767075992,TinyUStaging,EEG+EOG,6
shhs2-201969,0.914016485,0,0,0.450856626,0,0.272974622,TinyUStaging,EEG+EOG,6
shhs1-205491,0.929824591,0.920962214,0.449999988,0.883449912,0.855457246,0.80793879,TinyUStaging,EEG+EOG,6
shhs1-200126,0.951096117,0.896551728,0.461538464,0.884160757,0.847117782,0.80809297,TinyUStaging,EEG+EOG,6
shhs2-203706,0.976588607,0.893023252,0.640625,0.90691489,0.946882188,0.872806787,TinyUStaging,EEG+EOG,6
shhs1-205479,0.863237143,0.920792103,0.311475396,0.79490447,0.899999976,0.758081818,TinyUStaging,EEG+EOG,6
shhs1-203062,0.978512406,0.935483873,0.611111104,0.902140677,0.914942503,0.868438113,TinyUStaging,EEG+EOG,6
shhs1-202108,0.884444416,0.908616185,0.452554733,0.885096729,0.903474927,0.806837398,TinyUStaging,EEG+EOG,6
shhs1-201319,0.899484515,0.68794328,0.129032254,0.903575301,0.3125,0.58650707,TinyUStaging,EEG+EOG,6
shhs2-203311,0.938547492,0.962499976,0.528301895,0.938342988,0.876712322,0.848880935,TinyUStaging,EEG+EOG,6
shhs1-205684,0.960372984,0.946341455,0.553191483,0.726618707,0.824712634,0.802247453,TinyUStaging,EEG+EOG,6
shhs1-201298,0.901052654,0.973760962,0.533333361,0.904397726,0.631578922,0.788824725,TinyUStaging,EEG+EOG,6
shhs1-201583,0.892057002,0.835365832,0,0.872093022,0.159090906,0.551721352,TinyUStaging,EEG+EOG,6
shhs2-204370,0.945868969,0.977701545,0.584905684,0.91548115,0.037037037,0.692198877,TinyUStaging,EEG+EOG,6
shhs1-201969,0.733564019,0.846153855,0,0.577114403,0.470119536,0.525390363,TinyUStaging,EEG+EOG,6
shhs1-203998,0.962686539,0.966442943,0.357142866,0.900763333,0.908695638,0.819146264,TinyUStaging,EEG+EOG,6
shhs1-202903,0.941828251,0.903765678,0.386363626,0.815267205,0.826347291,0.77471441,TinyUStaging,EEG+EOG,6
shhs2-203241,0.939929307,0.824120581,0.496453911,0.893450618,0.780748665,0.786940616,TinyUStaging,EEG+EOG,6
shhs2-201650,0.951175392,0.946859896,0.477272719,0.833117723,0.860215068,0.81372816,TinyUStaging,EEG+EOG,6
shhs1-205024,0.908011854,0.847583652,0.400000006,0.837944686,0.663366318,0.731381303,TinyUStaging,EEG+EOG,6
shhs1-202115,0.9234339,0.964577675,0.421052635,0.887700558,0.872246683,0.81380229,TinyUStaging,EEG+EOG,6
shhs2-205132,0.971751392,0.966966987,0.747252762,0.868159175,0.742138386,0.85925374,TinyUStaging,EEG+EOG,6
shhs1-204117,0.947368443,0.916230381,0.438356161,0.891786158,0.670588255,0.77286588,TinyUStaging,EEG+EOG,6
shhs2-202986,0.987749815,0.950920224,0.412698418,0.834467113,0.795366824,0.796240479,TinyUStaging,EEG+EOG,6
shhs2-202921,0.869088411,0.821917832,0.150000006,0.778181791,0.832432449,0.690324098,TinyUStaging,EEG+EOG,6
shhs1-205260,0.913705587,0.936708868,0.590476215,0.898843944,0.865979373,0.841142797,TinyUStaging,EEG+EOG,6
shhs2-202549,0.958568752,0.972602725,0.53125,0.901878893,0.752941191,0.823448312,TinyUStaging,EEG+EOG,6
shhs2-205094,0.944071591,0.94650203,0.480769217,0.908602178,0.5090909,0.757807183,TinyUStaging,EEG+EOG,6
shhs1-201134,0.987090349,0.947826087,0.37931034,0.94262296,0.800000012,0.81136995,TinyUStaging,EEG+EOG,6
shhs2-200945,0.936244547,0.333333343,0.100000001,0.884642601,0.764705896,0.603785278,TinyUStaging,EEG+EOG,6
shhs2-201667,0.971357405,0.894308925,0.333333343,0.880952358,0.507692337,0.717528874,TinyUStaging,EEG+EOG,6
shhs2-201298,0.965240657,0.908396959,0.432432443,0.789954364,0.233128831,0.665830651,TinyUStaging,EEG+EOG,6
shhs1-201741,0.984505355,0.929032266,0.540540516,0.786069632,0.605633795,0.769156313,TinyUStaging,EEG+EOG,6
shhs1-200496,0.911392391,0.937037051,0.732394338,0.916246235,0.790874541,0.857588911,TinyUStaging,EEG+EOG,6
shhs1-203562,0.965009212,0.983050823,0.528301895,0.920086384,0.856321812,0.850554025,TinyUStaging,EEG+EOG,6
shhs1-202002,0.821096182,0,0,0.617948711,0,0.287808979,TinyUStaging,EEG+EOG,6
shhs2-201443,0.978647709,0.903954804,0.300000012,0.828000009,0.486486495,0.699417806,TinyUStaging,EEG+EOG,6
shhs2-202600,0.974814832,0.95011878,0.357142866,0.771371782,0.909294486,0.792548549,TinyUStaging,EEG+EOG,6
shhs1-202508,0.928767145,0.820512831,0.129032254,0.800000012,0.59842521,0.65534749,TinyUStaging,EEG+EOG,6
shhs2-203562,0.958448768,0.884259284,0.466666669,0.884801567,0.739926755,0.786820608,TinyUStaging,EEG+EOG,6
shhs2-204609,0.97372061,0.963855445,0.646153867,0.889795899,0.888073385,0.872319841,TinyUStaging,EEG+EOG,6
shhs1-201830,0.934114218,0.973544955,0.447761208,0.723270416,0.56934309,0.729606777,TinyUStaging,EEG+EOG,6
shhs1-201576,0.920332909,0.75,0.524999976,0.773082972,0.767045438,0.747092259,TinyUStaging,EEG+EOG,6
shhs1-205553,0.95922333,0.94765842,0.536585391,0.930866599,0.70588237,0.816043222,TinyUStaging,EEG+EOG,6
shhs1-202921,0.832214773,0.826086938,0.203389823,0.894736826,0.734883726,0.698262417,TinyUStaging,EEG+EOG,6
shhs1-203241,0.942003489,0.918367326,0.179104477,0.630769253,0.546728969,0.643394703,TinyUStaging,EEG+EOG,6
shhs1-201482,0.964980543,0.965174139,0.5,0.909299672,0.233766228,0.714644116,TinyUStaging,EEG+EOG,6
shhs1-205045,0.973180056,0.944237947,0.482758611,0.780788183,0.644670069,0.765126973,TinyUStaging,EEG+EOG,6
shhs2-203986,0.96669513,0.938775539,0.511627913,0.915074289,0.719512224,0.810337019,TinyUStaging,EEG+EOG,6
shhs2-204718,0.967661679,0.923076928,0.634920657,0.936078012,0.875,0.867347455,TinyUStaging,EEG+EOG,6
shhs1-202589,0.970212758,0.980676353,0.782608688,0.764976978,0.646153867,0.828925729,TinyUStaging,EEG+EOG,6
shhs1-201959,0.92592591,0.972222209,0.541666687,0.918330312,0.735537171,0.818736458,TinyUStaging,EEG+EOG,6
shhs1-205008,0.572307706,0.980842888,0.459459454,0.766002119,0.813114762,0.718345386,TinyUStaging,EEG+EOG,6
shhs1-205311,0.971222997,0.956989229,0.53125,0.82505399,0.276595742,0.712222391,TinyUStaging,EEG+EOG,6
shhs2-200639,0.976678431,0.955294132,0.476190478,0.901149452,0.816143513,0.825091201,TinyUStaging,EEG+EOG,6
shhs1-200945,0.949152529,0.96219933,0.639999986,0.939419091,0.649999976,0.828154182,TinyUStaging,EEG+EOG,6
shhs2-205024,0.933837414,0.890510976,0.363636374,0.855319142,0.770053446,0.762671471,TinyUStaging,EEG+EOG,6
shhs2-201534,0.975609779,0.830409348,0.70588237,0.935281813,0.53125,0.795686662,TinyUStaging,EEG+EOG,6
shhs2-205335,0.948766589,0.893890679,0.442477882,0.783919573,0.352941185,0.684399182,TinyUStaging,EEG+EOG,6
shhs1-204065,0.911627889,0.903010011,0.482758611,0.869448185,0.802228391,0.793814617,TinyUStaging,EEG+EOG,6
shhs1-200172,0.831325293,0.836363614,0.232558146,0.88089329,0.894179881,0.735064045,TinyUStaging,EEG+EOG,6
shhs1-203311,0.936454833,0.911591351,0.538461566,0.92116183,0.888157904,0.839165497,TinyUStaging,EEG+EOG,6
shhs1-202416,0.861297548,0.875,0.653937936,0.72380954,0.425531924,0.70791539,TinyUStaging,EEG+EOG,6
shhs1-202592,0.940366983,0.873994648,0.074074075,0.796721339,0.752212405,0.68747389,TinyUStaging,EEG+EOG,6
shhs2-204575,0.980169952,0.960698664,0.470588237,0.949152529,0.898989916,0.85191986,TinyUStaging,EEG+EOG,6
SC4712E0,0.971967399,0.866666675,0.587301612,0.907348216,0,0.66665678,TinyUStaging,EEG+EOG,6
SC4822G0,0.986886084,0.837905228,0.486772478,0.85785538,0.879056036,0.809695041,TinyUStaging,EEG+EOG,6
SC4041E0,0.981157005,0.824096382,0.669975162,0.924103439,0.762886584,0.832443714,TinyUStaging,EEG+EOG,6
SC4191E0,0.9691661,0.88401252,0.457831323,0.906210423,0.908296943,0.825103462,TinyUStaging,EEG+EOG,6
SC4321E0,0.985819638,0.893238425,0.289855063,0.793582916,0,0.592499208,TinyUStaging,EEG+EOG,6
SC4181E0,0.989987135,0.846153855,0.300000012,0.792963445,0.837837815,0.753388453,TinyUStaging,EEG+EOG,6
SC4011E0,0.993036985,0.949852526,0.696517408,0.920577645,0.828828812,0.877762675,TinyUStaging,EEG+EOG,6
SC4761E0,0.975562096,0.815789461,0.376811594,0.789333344,0.478260875,0.687151474,TinyUStaging,EEG+EOG,6
SC4142E0,0.989919364,0.940366983,0.380952388,0.924433231,0.909774423,0.829089278,TinyUStaging,EEG+EOG,6
SC4012E0,0.993413806,0.902702689,0.603351951,0.926267266,0.748768449,0.834900832,TinyUStaging,EEG+EOG,6
SC4711E0,0.96242696,0.793893158,0.498039216,0.850321412,0,0.620936149,TinyUStaging,EEG+EOG,6
SC4192E0,0.968439519,0.817699134,0.404858291,0.89840883,0.707317054,0.759344566,TinyUStaging,EEG+EOG,6
SC4532E0,0.992739975,0.931034505,0.644688666,0.900465131,0.465753436,0.786936343,TinyUStaging,EEG+EOG,6
SC4322E0,0.990379155,0.889380515,0.627986372,0.892039239,0,0.679957056,TinyUStaging,EEG+EOG,6
SC4141E0,0.987467349,0.962499976,0.372093022,0.902097881,0.821705401,0.809172726,TinyUStaging,EEG+EOG,6
SC4731E0,0.96389246,0.763358772,0.406779647,0.787321091,0,0.584270394,TinyUStaging,EEG+EOG,6
SC4531E0,0.986774027,0.942148745,0.482517481,0.804851174,0.564705908,0.756199467,TinyUStaging,EEG+EOG,6
SC4821G0,0.994328916,0.954248369,0.476190478,0.893203855,0.89425981,0.842446285,TinyUStaging,EEG+EOG,6
SC4302E0,0.988902032,0.870503604,0.490740746,0.872162461,0.560000002,0.756461769,TinyUStaging,EEG+EOG,6
SC4732E0,0.961332917,0.915129125,0.664141417,0.795396447,0,0.667199981,TinyUStaging,EEG+EOG,6
SC4762E0,0.956614316,0.375939846,0.323353291,0.46305418,0,0.423792326,TinyUStaging,EEG+EOG,6
SC4042E0,0.985835671,0.860377371,0.508287311,0.893401027,0.832369924,0.816054261,TinyUStaging,EEG+EOG,6
SC4182E0,0.985922217,0.685950398,0.481327802,0.859130442,0.937931061,0.790052384,TinyUStaging,EEG+EOG,6
SC4301E0,0.984193861,0.717325211,0.446215153,0.842105269,0.200000003,0.637967899,TinyUStaging,EEG+EOG,6
tr03-0322,0.662721872,0.932835817,0.471042484,0.88323915,0.880382776,0.76604442,TinyUStaging,EEG+EOG,6
tr12-0532,0.824949682,0.640394092,0.612466097,0.864265919,0.88397789,0.765210736,TinyUStaging,EEG+EOG,6
tr04-0020,0.627737224,0.55737704,0.591194987,0.866055071,0.569444418,0.642361748,TinyUStaging,EEG+EOG,6
tr07-0036,0.739130437,0.957095683,0.644295275,0.90204519,0.768361568,0.802185631,TinyUStaging,EEG+EOG,6
tr03-0494,0.827956975,0.917874396,0.751091719,0.885993481,0.873949587,0.851373231,TinyUStaging,EEG+EOG,6
tr03-1197,0.914004922,0.857142866,0.678571403,0.761403501,0.637362659,0.76969707,TinyUStaging,EEG+EOG,6
tr13-0525,0.729833543,0,0.401084006,0.573875785,0.572916687,0.455542004,TinyUStaging,EEG+EOG,6
tr12-0687,0.157894731,0.807121634,0.351145029,0.907829523,0.77241379,0.599280941,TinyUStaging,EEG+EOG,6
tr05-0403,0.719008267,0.895604372,0.444444448,0.89403975,0.859813094,0.762581986,TinyUStaging,EEG+EOG,6
tr14-0240,0.844036698,0.89635855,0.595041335,0.866593182,0.831250012,0.806655955,TinyUStaging,EEG+EOG,6
tr08-0012,0.482608706,0.862745106,0.653465331,0.942857146,0.916083932,0.771552044,TinyUStaging,EEG+EOG,6
tr05-0812,0.768141568,0.814516127,0.598967314,0.7809847,0.8125,0.755021942,TinyUStaging,EEG+EOG,6
tr13-0383,0.447552443,0.931034505,0.479674786,0.861171365,0.698412716,0.683569163,TinyUStaging,EEG+EOG,6
tr03-1371,0.809523821,0.886426568,0.450819671,0.839285731,0.8125,0.759711158,TinyUStaging,EEG+EOG,6
tr07-0262,0.808383226,0.717948735,0.235294119,0.83606559,0.339622647,0.587462863,TinyUStaging,EEG+EOG,6
tr10-0392,0.815330982,0.851063848,0.45714286,0.826580226,0.919811308,0.773985845,TinyUStaging,EEG+EOG,6
tr12-0573,0.612903237,0.902953565,0.740740716,0.873517811,0.834914625,0.793005991,TinyUStaging,EEG+EOG,6
tr05-1175,0.857142866,0.829545438,0.701149404,0.864059567,0.917127073,0.83380487,TinyUStaging,EEG+EOG,6
tr11-0064,0.740506351,0.839694679,0.525469184,0.816964269,0.766839385,0.737894773,TinyUStaging,EEG+EOG,6
tr04-0255,0.248520717,0.939314008,0.812631607,0.787878811,0.852248371,0.728118703,TinyUStaging,EEG+EOG,6
tr12-0448,0.149253726,0.175438598,0.546816468,0.797066033,0.158878505,0.365490666,TinyUStaging,EEG+EOG,6
tr09-0340,0.671328664,0.87531805,0.700729907,0.820338964,0.899328887,0.793408895,TinyUStaging,EEG+EOG,6
tr07-0325,0.860998631,0.9375,0.657142878,0.864864886,0,0.664101279,TinyUStaging,EEG+EOG,6
tr05-0411,0.653386474,0.823529422,0.289156616,0.707412243,0,0.494696951,TinyUStaging,EEG+EOG,6
tr03-0802,0.858505547,0.874371886,0.645308912,0.809160292,0.817518234,0.800972974,TinyUStaging,EEG+EOG,6
tr03-0167,0.920943141,0.953191519,0.595419824,0.901477814,0.874074101,0.84902128,TinyUStaging,EEG+EOG,6
tr11-0338,0.548611104,0.939226508,0.664615393,0.774803162,0.787330329,0.742917299,TinyUStaging,EEG+EOG,6
tr10-0306,0.823529422,0.918544173,0.41726619,0.782608688,0.645833313,0.717556357,TinyUStaging,EEG+EOG,6
tr05-1146,0.876190484,0.862595439,0.581005573,0.828060508,0.721893489,0.773949099,TinyUStaging,EEG+EOG,6
tr05-0243,0.469135791,0.838983059,0.622857153,0.774315417,0.390697688,0.619197822,TinyUStaging,EEG+EOG,6
tr05-0266,0.639593899,0.801762104,0.666666687,0.907953501,0.579710126,0.719137263,TinyUStaging,EEG+EOG,6
tr05-0332,0.821052611,0.774193525,0.574585617,0.819711566,0.731884062,0.744285476,TinyUStaging,EEG+EOG,6
tr05-0744,0.474285722,0.854961812,0.7218045,0.841145813,0.852459013,0.748931372,TinyUStaging,EEG+EOG,6
tr07-0123,0.729032278,0.887499988,0.793296099,0.747203588,0.222222224,0.675850835,TinyUStaging,EEG+EOG,6
tr11-0059,0.775510192,0.878640771,0.489082962,0.800936759,0.155555561,0.619945249,TinyUStaging,EEG+EOG,6
tr05-1386,0.817777753,0.882506549,0.654708505,0.919597983,0.941176474,0.843153453,TinyUStaging,EEG+EOG,6
tr10-0350,0.837962985,0.98007971,0.623306215,0.796352565,0.841201723,0.81578064,TinyUStaging,EEG+EOG,6
tr12-0476,0.903846145,0.844036698,0.745614052,0.890656054,0.933333337,0.863497257,TinyUStaging,EEG+EOG,6
tr04-0551,0.471910119,0.895833313,0.738636374,0.795755982,0.5625,0.692927158,TinyUStaging,EEG+EOG,6
tr11-0101,0.735202491,0.9375,0.629870117,0.880195618,0.880596995,0.812673044,TinyUStaging,EEG+EOG,6
tr06-0315,0.421052635,0.940170944,0.442105263,0.859716833,0.55384618,0.643378371,TinyUStaging,EEG+EOG,6
tr06-0696,0.865979373,0.858237565,0.564356446,0.905529976,0.942528725,0.827326417,TinyUStaging,EEG+EOG,6
tr09-0220,0.731914878,0.86138612,0.144522145,0.510344803,0.709163368,0.591466263,TinyUStaging,EEG+EOG,6
tr08-0310,0.561403513,0.876033068,0.481481493,0.906488538,0.410958916,0.647273105,TinyUStaging,EEG+EOG,6
tr08-0214,0.811188817,0.822006464,0.641509414,0.833836854,0.764168203,0.77454195,TinyUStaging,EEG+EOG,6
tr11-0335,0.823880613,0.953020155,0.775510192,0.904109597,0.695652187,0.830434549,TinyUStaging,EEG+EOG,6
tr04-0699,0.592592597,0.817679584,0.675000012,0.868894577,0.811594188,0.753152192,TinyUStaging,EEG+EOG,6
tr11-0074,0.946835458,0.901515126,0.542713583,0.777777791,0.935294092,0.82082721,TinyUStaging,EEG+EOG,6
tr03-0863,0.812631607,0.887804866,0.740740716,0.878350496,0.915942013,0.84709394,TinyUStaging,EEG+EOG,6
tr07-0030,0.802919686,0.789808929,0.401826471,0.868980944,0.943589747,0.761425155,TinyUStaging,EEG+EOG,6
tr06-0827,0.695652187,0.852173924,0.376731306,0.649056613,0.753036439,0.665330094,TinyUStaging,EEG+EOG,6
tr03-0411,0.595469236,0.884146333,0.354285717,0.790055275,0.755043209,0.675799954,TinyUStaging,EEG+EOG,6
tr05-0206,0.772277236,0.956521749,0.420382172,0.884324312,0,0.606701094,TinyUStaging,EEG+EOG,6
tr04-0983,0.751879692,0.938159883,0.635294139,0.870967746,0.840336144,0.807327521,TinyUStaging,EEG+EOG,6
tr13-0615,0.424908429,0.943396211,0.71216619,0.843715847,0.678733051,0.720583946,TinyUStaging,EEG+EOG,6
tr09-0636,0.623188376,0.913432837,0.578034699,0.866861045,0.817910433,0.759885478,TinyUStaging,EEG+EOG,6
tr03-0287,0.741035879,0.794520557,0.606557369,0.759815216,0.402234644,0.660832733,TinyUStaging,EEG+EOG,6
tr06-0677,0.73476702,0,0.365448505,0.368421048,0.839506149,0.461628544,TinyUStaging,EEG+EOG,6
tr09-0453,0.700854719,0.914027154,0.721925139,0.88983053,0.944038928,0.834135294,TinyUStaging,EEG+EOG,6
tr04-0029,0.759358287,0.863636374,0.474358976,0.913043499,0.938181818,0.789715791,TinyUStaging,EEG+EOG,6
tr06-0333,0.660869539,0.867857158,0.367816091,0.764346778,0.295081973,0.591194308,TinyUStaging,EEG+EOG,6
tr11-0792,0.706766903,0.941176474,0.588652492,0.836940825,0.826666653,0.780040669,TinyUStaging,EEG+EOG,6
tr12-0169,0.813074589,,0.460526317,0.884955764,0.928961754,0.771879606,TinyUStaging,EEG+EOG,6
tr09-0469,0.696202517,0.923076928,0.365853667,0.883720934,0.848249018,0.743420613,TinyUStaging,EEG+EOG,6
tr03-0029,0.771929801,0,0.179104477,0.711656451,0.385542154,0.409646577,TinyUStaging,EEG+EOG,6
tr05-0701,0.862595439,0.523364484,0.543689311,0.911534131,0.613636374,0.690963948,TinyUStaging,EEG+EOG,6
tr05-0549,0.679245293,0.87969923,0.492753625,0.878953099,0.571428597,0.700415969,TinyUStaging,EEG+EOG,6
tr07-0191,0.723404229,0.9375,0.547619045,0.70157069,0.32710281,0.647439355,TinyUStaging,EEG+EOG,6
tr03-0567,0.373057008,0.69544363,0.215053767,0.754266202,0.785714269,0.564706975,TinyUStaging,EEG+EOG,6
tr03-0426,0.821683288,0.948275864,0.569732964,0.858715594,0.85446012,0.810573566,TinyUStaging,EEG+EOG,6
tr13-0093,0.868356526,,0.293577969,0.847761214,0,0.502423927,TinyUStaging,EEG+EOG,6
tr08-0351,0.479999989,0.856368542,0.548042715,0.685612798,0.25,0.564004809,TinyUStaging,EEG+EOG,6
tr13-0508,0.888475835,0.796296299,0.757201672,0.818652868,0.954337895,0.842992914,TinyUStaging,EEG+EOG,6
tr07-0105,0.672131121,0.947136581,0.732984304,0.830028355,0.739273906,0.784310853,TinyUStaging,EEG+EOG,6
tr07-0830,0.815427005,0.974358976,0.517857134,0.84397161,0.853333354,0.800989616,TinyUStaging,EEG+EOG,6
tr03-0083,0.861261249,0.964466989,0.630824387,0.800788939,0.880952358,0.827658784,TinyUStaging,EEG+EOG,6
tr11-0080,0.695035458,0.703448296,0.70588237,0.909090936,0.955777466,0.793846905,TinyUStaging,EEG+EOG,6
tr06-0536,0.787878811,0.666666687,0.369127512,0.852459013,0.342857152,0.603797835,TinyUStaging,EEG+EOG,6
tr05-0256,0.319148928,0.839622617,0.297029704,0.882995307,0.917647064,0.651288724,TinyUStaging,EEG+EOG,6
tr06-0390,0.698181808,0.893617034,0.208000004,0.49779737,0.828282833,0.62517581,TinyUStaging,EEG+EOG,6
tr05-1183,0.435986161,0.969187677,0.643410861,0.866359472,0.559006214,0.694790077,TinyUStaging,EEG+EOG,6
tr04-0275,0.770114958,0.585635364,0.503875971,0.6961326,0,0.511151779,TinyUStaging,EEG+EOG,6
tr12-0244,0.847887337,0.689655185,0.592885375,0.847244084,0.940092146,0.783552825,TinyUStaging,EEG+EOG,6
tr05-0326,0.798245609,0.926829278,0.562962949,0.892900109,0.724137902,0.78101517,TinyUStaging,EEG+EOG,6
tr05-0784,0.668896317,0.701421797,0.679174483,0.818371594,0.865979373,0.746768713,TinyUStaging,EEG+EOG,6
tr09-0175,0.770562768,0.968105078,0.380952388,0.775564432,0.727848113,0.724606556,TinyUStaging,EEG+EOG,6
tr04-0658,0.729729712,0.879177392,0.59602648,0.871224165,0.932038844,0.801639318,TinyUStaging,EEG+EOG,6
tr06-0282,0.496350378,0.758620679,0.514886141,0.742632627,0.300000012,0.562497967,TinyUStaging,EEG+EOG,6
tr05-0610,0.620938599,0.856753051,0.275862068,0.747300208,0.717948735,0.643760532,TinyUStaging,EEG+EOG,6
tr07-0100,0.622641504,0.911214948,0.441176474,0.820976496,0.90476191,0.740154266,TinyUStaging,EEG+EOG,6
tr07-0178,0.806779683,0.838235319,0.59793812,0.935704529,0.941176474,0.823966825,TinyUStaging,EEG+EOG,6
tr05-1377,0.905228734,0.962457359,0.75555557,0.862745106,0.931192636,0.883435881,TinyUStaging,EEG+EOG,6
tr06-0769,0.791946292,0.881927729,0.513966501,0.865583479,0.617021263,0.734089053,TinyUStaging,EEG+EOG,6
tr06-0579,0.732394338,0.912529528,0.369565219,0.890173435,0.893787563,0.759690017,TinyUStaging,EEG+EOG,6
tr10-0536,0.200000003,0.832904875,0.444444448,0.872210979,0.720496893,0.61401144,TinyUStaging,EEG+EOG,6
tr03-0743,0.764912307,0.96347034,0.539822996,0.854586124,0.92822969,0.810204291,TinyUStaging,EEG+EOG,6
tr07-0509,0.471153855,0.868932068,0.164705887,0.794788301,0.79411763,0.618739548,TinyUStaging,EEG+EOG,6
tr05-0028,0.930832386,0,0.593984962,0.833684206,0.666666687,0.605033648,TinyUStaging,EEG+EOG,6
tr06-0166,0.783861697,0.939130425,0.375,0.906088769,0.867924511,0.774401081,TinyUStaging,EEG+EOG,6
tr06-0797,0.746781111,0.952380955,0.706231475,0.853846133,0.700854719,0.792018878,TinyUStaging,EEG+EOG,6
16450f5a-9b65-5536-85e1-93816c8b89eb,0.918787897,0,0.456140339,0.886731386,0,0.452331924,TinyUStaging,EEG+EOG,6
c985916d-46a5-5c3e-9d50-a5a91f460bac,0.844827592,0.838926196,0.555555582,0.900914609,0.757009327,0.779446661,TinyUStaging,EEG+EOG,6
4b72b905-5521-5c57-b666-e20ff9bb195f,0.80063796,0.891089082,0.490974724,0.789115667,0.895104885,0.773384464,TinyUStaging,EEG+EOG,6
fc10ee0b-b863-511b-bce8-4dfa7af8ac3a,0.91191709,0.855263174,0.491228074,0.867759585,0.868894577,0.7990125,TinyUStaging,EEG+EOG,6
a79d1f0e-c133-5aa0-8268-cdcc05825f0f,0.814814806,0.893023252,0.24242425,0.80854851,0.603580534,0.672478271,TinyUStaging,EEG+EOG,6
79e8a04e-0fdd-53ae-bedc-d49d08e29103,0.622222245,0.729323328,0.275862068,0.781456947,0.678815484,0.617536014,TinyUStaging,EEG+EOG,6
039ce8ad-a7fa-5272-a3e3-1f4bfebdd087,0.751020432,0.92814374,0.556213021,0.84793812,0.790849686,0.774833,TinyUStaging,EEG+EOG,6
a65a9e69-cddf-5711-9a97-de8bfdeb08cc,0.86153847,0.918681324,0.5090909,0.817995906,0.585526288,0.738566577,TinyUStaging,EEG+EOG,6
a35a118e-e65e-5928-92a9-4354a6a0f4ce,0.864000022,0.920397997,0.486486495,0.841300189,0.916512072,0.805739355,TinyUStaging,EEG+EOG,6
cebd3520-4e77-5222-a614-d2888e6afc2b,0.326295584,0.798850596,0.161764711,0.419109672,0,0.341204113,TinyUStaging,EEG+EOG,6
30e8a05b-4cf1-5aa8-9ef7-28d6e2949ad5,0.809815943,0.929824591,0.493827164,0.916461945,0.840707958,0.79812752,TinyUStaging,EEG+EOG,6
5b94ec8a-c34d-5e45-84d1-bec2ea965609,0.905660391,0.966507196,0.583333313,0.872691929,0.685950398,0.802828646,TinyUStaging,EEG+EOG,6
eb95076c-c470-56a4-b788-ace310f061c6,0.899224818,0.935643554,0.578947365,0.8809219,0.916890085,0.842325544,TinyUStaging,EEG+EOG,6
c31a47f9-e400-5841-a22b-521c81042603,0.884779513,0.976000011,0.383838385,0.83561641,0.712962985,0.758639461,TinyUStaging,EEG+EOG,6
03341d0d-5927-5838-8a5f-1b8ef39d8f57,0.964360595,0.687747061,0.475095779,0.774426997,0.869281054,0.754182297,TinyUStaging,EEG+EOG,6
a0c91989-530f-5117-80c1-2488dbed683c,0.824999988,0.86297375,0.46875,0.888086617,0.738351226,0.756632316,TinyUStaging,EEG+EOG,6
130f3f52-7d0a-551e-af61-2ee75455e5c9,0.604166687,0.889570534,0.313725501,0.749206364,0.649842262,0.64130227,TinyUStaging,EEG+EOG,6
742f1592-627c-54eb-bbb5-ccd55ffae33a,0.8984375,0.839436591,0.529411793,0.83298099,0.707692325,0.76159184,TinyUStaging,EEG+EOG,6
4e3c4ac4-69e2-5347-a3b0-662c204d259d,0.957333326,0.878980875,0.560975611,0.866477251,0.727272749,0.798207963,TinyUStaging,EEG+EOG,6
100df108-eb57-5eaa-a413-f7e4436a7895,0.811188817,0.939393938,0.581280768,0.907692313,0.460177004,0.739946568,TinyUStaging,EEG+EOG,6
32556393-bb57-560a-99e8-e09885219647,0.321243525,0.759493649,0.288659781,0.792013288,0.762376249,0.584757298,TinyUStaging,EEG+EOG,6
0416d51f-5d69-5326-b74a-a2e31a96a1ef,0.754578769,0.802469134,0.355555564,0.675862074,0.049019609,0.52749703,TinyUStaging,EEG+EOG,6
18482adf-1144-54ca-9e35-27f65c43a105,0.799145281,0.966666639,0.405940592,0.812071323,0.740740716,0.74491291,TinyUStaging,EEG+EOG,6
a6254c8a-f1b2-5736-b601-18245dd5e0a5,0.833333313,0.911504447,0.512820542,0.716535449,0.608849585,0.716608667,TinyUStaging,EEG+EOG,6
2159377e-ebf3-5565-9014-1e2ae69dc1d2,0.809523821,0.924901187,0.591549277,0.874015749,0.859335065,0.81186502,TinyUStaging,EEG+EOG,6
3dd35e7b-d7e2-516d-8a85-e0d58a59569f,0.751203835,0.83229816,0.662721872,0.814814806,0.811965823,0.774600899,TinyUStaging,EEG+EOG,6
2e865ca9-e20f-5a6f-bd25-45d28cc9eab9,0.863636374,0.972375691,0.515151501,0.916666687,0.760233939,0.805612838,TinyUStaging,EEG+EOG,6
b3706da5-748b-5dd1-a552-f57e4456cdf6,0.543778777,0.941569269,0.362204731,0.854166687,0.265060246,0.593355942,TinyUStaging,EEG+EOG,6
22bea84c-5d23-5e49-bc2d-9764f883955b,0.894339621,0.829931974,0.523255825,0.883333325,0.829268277,0.792025805,TinyUStaging,EEG+EOG,6
cc3b4b63-4a6f-5f28-ac7e-62f83c271449,0.922155678,0,0.166666672,0.87433356,0.165289253,0.425689033,TinyUStaging,EEG+EOG,6
40e25dd4-6087-5747-b9c2-4838ada86b15,0.476190478,0.879518092,0.285714298,0.695833325,0.644295275,0.596310294,TinyUStaging,EEG+EOG,6
e72505f1-21be-5d66-b620-cfcfa2d754bc,0.864077687,0.949999988,0.438356161,0.934533536,0.13333334,0.664060143,TinyUStaging,EEG+EOG,6
b2d3ccdd-395c-5dd2-81d9-252bcfc0c337,0.842105269,0.964370549,0.45161289,0.894031644,0.888888896,0.808201849,TinyUStaging,EEG+EOG,6
730aba3b-e310-5be0-9eed-7c3123466834,0.795008898,0.812967598,0.172413796,0.442567557,0.712280691,0.587047708,TinyUStaging,EEG+EOG,6
e59c45e0-0c0c-565f-84a9-6cf0ec5ef6c1,0.565573752,0.75757575,0.693069279,0.82107842,0.887538016,0.744967043,TinyUStaging,EEG+EOG,6
aadc9e0c-b7c3-5a47-851d-f21971d10935,0.906666696,0.954990208,0.649122834,0.813376486,0.578778148,0.780586874,TinyUStaging,EEG+EOG,6
02fb158a-a658-51ee-89cf-1e1dc2ebfde1,0.699421942,0.932735443,0.425531924,0.826245427,0.745762706,0.725939488,TinyUStaging,EEG+EOG,6
c11c730f-0b6b-580b-af31-d8f0ebbbdfce,0.698224843,0.868686855,0.735294104,0.84765625,0.055045873,0.640981585,TinyUStaging,EEG+EOG,6
6a7503ac-ab3a-5d5b-b474-4b0fe37748dd,0.697247684,0.934579432,0.348314613,0.752508342,0.390572399,0.624644494,TinyUStaging,EEG+EOG,6
5d8e93a5-d26a-436d-bc2c-e9527dc92cbf,0.893470764,0.967741907,0.583333313,0.892670155,0.877551019,0.842953432,TinyUStaging,EEG+EOG,6
f66bc75e-778b-5037-af86-b5275cd4c79f,0.556521714,0.69135803,0.135416672,0.777952731,0.92817682,0.617885193,TinyUStaging,EEG+EOG,6
c03e27b0-4cb5-584f-aaea-8f1e1ed6513c,0.709359586,0.85587585,0.519230783,0.816631138,0.809523821,0.742124236,TinyUStaging,EEG+EOG,6
e8ec8ec4-dc48-50ce-985a-a06d87861030,0.879910231,0.857142866,0.511278212,0.80798769,0.242990658,0.659861931,TinyUStaging,EEG+EOG,6
7f5237b1-2196-5c8a-9543-a5aa70210ef4,0.806682587,0.8828125,0.485714287,0.859078586,0.893203855,0.785498363,TinyUStaging,EEG+EOG,6
c8110476-594c-533d-95bd-86147fccc987,0.761445761,0.789029539,0.517241359,0.834761322,0.884955764,0.757486749,TinyUStaging,EEG+EOG,6
90aef91a-252f-5ccc-a82e-78ea7ee9ca1f,0.860215068,0.940298498,0.571428597,0.735549152,0.047761194,0.631050502,TinyUStaging,EEG+EOG,6
e6b7cbef-4c9d-5541-82e8-04810de0fb60,0.860139847,0.990099013,0.380165279,0.857142866,0.929487169,0.803406835,TinyUStaging,EEG+EOG,6
5ddbc68c-1283-5c27-952b-d7f102291bc2,0.836734712,0.67469877,0.516853929,0.844745755,0.540000021,0.682606637,TinyUStaging,EEG+EOG,6
52fbe46b-206c-584a-9f4f-1eb308e07bac,0.888888896,0.905511796,0.481012672,0.852207303,0.768292665,0.779182667,TinyUStaging,EEG+EOG,6
83c1394e-9c69-5c11-9102-9ff8d59b1cfd,0.896551728,0.926315784,0.50746268,0.929020643,0.860841453,0.824038458,TinyUStaging,EEG+EOG,6
2d01dc34-f36c-562e-b24a-d20dc798fdfc,0.87005651,0.942084968,0.155555561,0.883435607,0.91536051,0.753298631,TinyUStaging,EEG+EOG,6
6e2aa933-c51c-5a31-8c7b-83da8d076a12,0.663999975,0.285714298,0.358490556,0.824347854,0.64957267,0.556425071,TinyUStaging,EEG+EOG,6
47f45aa2-31c4-595b-bdb6-f1348bba062b,0.905882359,0.853210986,0.255319148,0.71946311,0,0.54677512,TinyUStaging,EEG+EOG,6
ad47bc12-199c-5294-9cb8-4351bbbf7b5e,0.90185678,0.958823502,0.460000008,0.9173913,0.244897962,0.69659391,TinyUStaging,EEG+EOG,6
b3534fa3-7676-50dc-8412-07f0eff4f7a9,0.723404229,0.931677043,0.3898305,0.947082758,0.981481493,0.794695204,TinyUStaging,EEG+EOG,6
d5181c33-a43b-5dfe-8ad7-0337facb092a,0.624390244,0.920187771,0.333333343,0.906344414,0.703125,0.697476155,TinyUStaging,EEG+EOG,6
a30245e3-4a71-565f-9636-92e7d2e825fc,0.883720934,0.924901187,0.333333343,0.725028038,0.731343269,0.719665354,TinyUStaging,EEG+EOG,6
769df255-2284-50b3-8917-2155c759fbbd,0.897196233,0.943469763,0.373333335,0.804568529,0.768000007,0.757313573,TinyUStaging,EEG+EOG,6
7d778801-88e7-5086-ad1d-70f31a371876,0.673684239,0.935483873,0.216216221,0.661764681,0.703180194,0.638065842,TinyUStaging,EEG+EOG,6
14c012bd-65b0-56f5-bc74-2dffcea69837,0.817567587,0.870662451,0.568000019,0.75570035,0.103896104,0.623165302,TinyUStaging,EEG+EOG,6
5bf0f969-304c-581e-949c-50c108f62846,0.815286636,0.981029809,0.473684222,0.691003919,0.611909628,0.714582843,TinyUStaging,EEG+EOG,6
64959ac4-53b5-5868-a845-c7476e9fdf7b,0.673913062,0.796536803,0.431818187,0.698765457,0.761467874,0.672500277,TinyUStaging,EEG+EOG,6
1da3544e-dc5c-5795-adc3-f5068959211f,0.854368925,0.82897383,0.386363626,0.816874385,0,0.577316153,TinyUStaging,EEG+EOG,6
18ede714-aba3-5ad8-bb1a-18fc9b1c4192,0.666666687,0.604651153,0.315068483,0.761160731,0.763513505,0.622212112,TinyUStaging,EEG+EOG,6
3e842aa8-bcd9-521e-93a2-72124233fe2c,0.943820238,0.850574732,0.490566045,0.648148119,0.624203801,0.711462587,TinyUStaging,EEG+EOG,6
7ab8ff5f-a77f-567d-9882-f8bee0c3c9bf,0.855072439,0.879999995,0.758620679,0.705084741,0.62731874,0.765219319,TinyUStaging,EEG+EOG,6
1fa6c401-d819-50f5-8146-a0bb9e2b2516,0.945812821,0.944785297,0.352941185,0.661448121,0.755458534,0.732089192,TinyUStaging,EEG+EOG,6
a4568951-bf87-5bbc-bc4f-28e93c360be6,0.720000029,0,0.309090912,0.742268026,0.537878811,0.461847556,TinyUStaging,EEG+EOG,6
119f9726-eb4c-5a0e-a7bb-9e15256149a1,0.742857158,0.790816307,0.387096763,0.873370588,0.77922076,0.714672315,TinyUStaging,EEG+EOG,6
a25b2296-343b-53f6-8792-ada2669d466e,0.865800858,0.967153311,0.396946579,0.781758964,0.400000006,0.682331944,TinyUStaging,EEG+EOG,6
67fa8e29-6f4d-530e-9422-bbc3aca86ed0,0.774999976,0.889460146,0.553672314,0.597802222,0.51119405,0.665425742,TinyUStaging,EEG+EOG,6
b5d5785d-87ee-5078-b9b9-aac6abd4d8de,0.674603164,0.597701132,0.316831678,0.754404128,0.668604672,0.602428955,TinyUStaging,EEG+EOG,6
aa160c78-6da3-5e05-8fc9-d6c13e9f97e0,0.583657563,0.636363626,0.394557834,0.782951832,0.267281115,0.532962394,TinyUStaging,EEG+EOG,6
25a6b2b0-4d09-561b-82c6-f09bb271d3be,0.81904763,0.905213296,0.470588237,0.900459409,0.625,0.744061714,TinyUStaging,EEG+EOG,6
0d79f4b1-e74f-5e87-8e42-f9dd7112ada5,0.871345043,0.915789485,0.56934309,0.891061425,0.91061455,0.831630719,TinyUStaging,EEG+EOG,6
d3cadb78-cb8c-5a6e-885c-392e457c68b1,0.915492952,0.845605671,0.478873253,0.8201285,0.792929292,0.770605934,TinyUStaging,EEG+EOG,6
f2a69bdc-ed51-5e3f-b102-6b3f7d392be0,0.693069279,0.900243282,0.454545468,0.840043545,0.782022476,0.73398481,TinyUStaging,EEG+EOG,6
37d0da97-9ae8-5413-b889-4e843ff35488,0.915309429,0.894366205,0.43589744,0.828125,0.862068951,0.787153405,TinyUStaging,EEG+EOG,6
844f68ba-265e-53e6-bf47-6c85d1804a7b,0.841025651,0.789587855,0.357142866,0.861052632,0.8125,0.732261801,TinyUStaging,EEG+EOG,6
095d6e40-5f19-55b6-a0ec-6e0ad3793da0,0.48888889,0.756756783,0.071428575,0.671957672,0.691056907,0.536017765,TinyUStaging,EEG+EOG,6
bb474ab0-c2ce-573b-8acd-ef86b0fa26a2,0.571428597,0.814814806,0.177215189,0.800345719,0.789598107,0.630680484,TinyUStaging,EEG+EOG,6
tp3b06d002_ac74_49ac_bef7_41331210eb49,0.988364577,0.724252462,0.400000006,0.773333311,0.863636374,0.749917346,TinyUStaging,EEG+EOG,6
tp14bc7dc8_3197_4980_b7d5_088481988f80,0.982509494,0.909523785,0.533333361,0.850409865,0.898550749,0.834865451,TinyUStaging,EEG+EOG,6
tp62429721_4f46_4fe6_a40f_e4a4e304f42e,0.994156063,0.902506948,0.57407409,0.887545347,0.875331581,0.846722806,TinyUStaging,EEG+EOG,6
tp7bb3f1be_8bc2_4b28_a886_3e0fe2068c8c,0.995000005,0.92007798,0.676470578,0.912,0.967741907,0.894258094,TinyUStaging,EEG+EOG,6
tp24493c26_bf2b_497a_bb40_86d2f46163fa,0.919966757,,0.168888882,0.196226418,0,0.321270514,TinyUStaging,EEG+EOG,6
tp87e67000_b3d7_4187_817a_54380901dba3,0.992822051,0.935606062,0.515625,0.834188044,0.867724895,0.829193211,TinyUStaging,EEG+EOG,6
tp0b8226b6_1f19_4c97_b140_e798f6ac52ff,0.988216162,0.874617755,0.545454562,0.906220973,0.842406869,0.831383264,TinyUStaging,EEG+EOG,6
tp9c6bdfff_637a_4d84_af94_a470199c8372,0.997585356,0.962499976,0.732558131,0.933649302,0.891191721,0.903496897,TinyUStaging,EEG+EOG,6
tp777175db_5b28_4549_97c3_a4a2f522dfec,0.989481568,0.918149471,0.5,0.846473038,0.42396313,0.735613441,TinyUStaging,EEG+EOG,6
tp8cdb6944_497d_49c2_9261_5b5bc4e1bfba,0.980217993,0.935732663,0.425531924,0.742209613,0.790419161,0.774822271,TinyUStaging,EEG+EOG,6
tpb35116b3_a9cd_4a48_8eab_c96fdff8fedc,0.985264838,0.780373812,0.311688304,0.838627696,0.8347826,0.75014745,TinyUStaging,EEG+EOG,6
tp2fbc49dd_ff99_42b3_90e8_3016734e7a0c,0.989239335,0.745490968,0.377777785,0.831030846,0.964538991,0.781615585,TinyUStaging,EEG+EOG,6
tp12173ada_4e29_4288_aae9_9bc41d2a6a50,0.988407016,0.927884638,0.450704217,0.900674999,0.825396836,0.818613541,TinyUStaging,EEG+EOG,6
tp2511f135_adca_486f_ab5b_64a6dd3ce125,0.990126193,0.879310369,0.634730518,0.842592597,0.832653046,0.835882545,TinyUStaging,EEG+EOG,6
tpcddbebcc_b4a4_42dd_831c_9b49ff21330b,0.988764048,0.929503918,0.67005074,0.928400934,0.925064623,0.888356853,TinyUStaging,EEG+EOG,6
tpf435cf71_2574_49b2_bad0_5feceaa69d23,0.997718632,0.907489002,0.607142866,0.924489796,0.883392215,0.864046502,TinyUStaging,EEG+EOG,6
tp346bd2d4_882b_4c88_9c2a_2fdf8a4e3136,0.994310081,0.744939268,0.539682567,0.855585814,0.919449925,0.810793531,TinyUStaging,EEG+EOG,6
tpb1891917_cf87_4c77_8554_db972149b1ee,0.991317451,0.797169805,0.566371679,0.834296703,0.833333313,0.80449779,TinyUStaging,EEG+EOG,6
tpaa57b1d3_44ef_4b31_8913_d12b20a9f80f,0.836572409,0.58389914,0.566433549,0.788844645,0.912751675,0.737700284,TinyUStaging,EEG+EOG,6
tp32110946_03f2_459c_9c95_3ed3a6d7f344,0.99457109,0.897009969,0.554216862,0.929424524,0.830188692,0.841082227,TinyUStaging,EEG+EOG,6
tp797c6700_0514_4fa9_a0a6_988afd4bef20,0.991470516,0.923076928,0.600000024,0.920354009,0.920000017,0.870980299,TinyUStaging,EEG+EOG,6
tp66f2c127_70ed_4bf1_b6da_21826bfffd85,0.988208473,0.916666687,0.417910457,0.891534388,0.854304612,0.813724923,TinyUStaging,EEG+EOG,6
tpf0a7e365_5ed8_4d2c_9a57_0f9bfdc2fb10,0.936105847,0.5625,0.521609545,0.774576247,0.836363614,0.72623105,TinyUStaging,EEG+EOG,6
tp5b00c0c0_347e_4a2b_91ab_919ef4c76c2a,0.991808891,0.965909064,0.376237631,0.812939525,0.863799274,0.802138877,TinyUStaging,EEG+EOG,6
tp27f16624_cbf1_470f_a2b2_b42d8bacfbae,0.937119663,0.770949721,0.544642866,0.864214063,0.946107805,0.812606823,TinyUStaging,EEG+EOG,6
tp4f5deca6_fe79_4f41_851b_482639b3252c,0.989487946,0.905660391,0.568807364,0.921810687,0.903896093,0.857932496,TinyUStaging,EEG+EOG,6
tpa7cf473b_a14c_48b8_aeee_62fd983aa65c,0.993277311,0.807610989,0.356164396,0.635514021,0.650887549,0.688690853,TinyUStaging,EEG+EOG,6
tp357be3ba_1652_41ed_b7ee_4dcc483477f8,0.99659282,0.945454538,0.641509414,0.831265509,0.747044921,0.83237344,TinyUStaging,EEG+EOG,6
tp1848ddc4_5ab8_4814_86de_9696e74af2a4,0.981059134,0.790035605,0.451807231,0.777639747,0.855305493,0.771169442,TinyUStaging,EEG+EOG,6
tp62824586_7c03_44a1_b6de_06072db911b1,0.9752177,0.566037714,0.18965517,0.737864077,0.696629226,0.633080778,TinyUStaging,EEG+EOG,6
tpa0c13c11_9a3b_4b47_9142_cce7304575a8,0.984787345,0.800000012,0.518518507,0.819327712,0.620689631,0.748664641,TinyUStaging,EEG+EOG,6
tp8a4969d8_e7d5_4047_8d0b_5cf8a5b9d408,0.988193214,0.880952358,0.292682916,0.890607715,0.880324543,0.786552149,TinyUStaging,EEG+EOG,6
tp172e5593_ae1c_49f1_bd71_ef2ad6552d16,0.989879191,0.890804589,0.601036251,0.7854985,0.807909608,0.815025628,TinyUStaging,EEG+EOG,6
tpacaf0a27_87a1_4b02_b006_82e052fa5be1,0.980516553,0.91366905,0.375,0.908402741,0.935943067,0.822706282,TinyUStaging,EEG+EOG,6
tp79f58a94_6849_4752_82ce_d5abea4d391a,0.961553395,0.879807711,0.469565213,0.785067856,0.821345687,0.783467972,TinyUStaging,EEG+EOG,6
tp369dc40e_7502_48e9_abfe_42bf2842d448,0.991698086,0.927738905,0.574468076,0.907037377,0.87551868,0.855292225,TinyUStaging,EEG+EOG,6
tp439d1f70_b300_4eb0_9022_f3e5079757c5,0.980869591,0.920754731,0.660714269,0.888888896,0.966666639,0.883578825,TinyUStaging,EEG+EOG,6
tp4349ce21_ef40_4919_b8c6_f41515ec72ab,0.937279165,0.572368443,0.354330719,0.631858408,0.813559294,0.661879206,TinyUStaging,EEG+EOG,6
tp7d09e21c_1c3a_4f7a_8915_28105eafde5a,0.985318124,0.923076928,0.564315379,0.851097167,0.626016259,0.789964771,TinyUStaging,EEG+EOG,6
